Equipment ID,RUL,Equipment Age,Operating Envr,Operating Hours,Current Vibration,Temp Operating,Load Factor,Maintenance Strat,Last Maintenance,Major Repairs,Oil Quality,Pwr Consumption,Envr Stress Index,Criticality Score
MOTOMS1STZEY9,174.5,22,Outdoor Mild,11484,2.15,71.94,74.7,Preventive,49,2,50.42,17.11,4.58,6.8
PMPICC461EO9I,147.7,35,Indoor Clean,21022,2.45,74.28,69.3,Preventive,104,5,25.68,11.17,2.38,5.3
PMPOHR1LOAPWW,48.9,8,Outdoor Harsh,3040,3.55,93.19,58.3,Predictive,58,1,,8.68,8.49,4.7
MOTOMM2CLM43D,17.9,116,Outdoor Mild,54826,4.35,82.64,118.3,Condition Based,26,8,32.13,37.19,9.26,5
CMPMARDTN9NNIH,21.9,38,Marine,34232,8.57,107.09,65.2,Preventive,24,5,57,37.98,10,6.6
TRBICWWM024Y7,130.2,30,Indoor Clean,20554,1.67,107.09,67.8,Condition Based,32,1,69.7,157.6,2.79,9.2
CMPOH5HFJJ2RU,19.7,33,Outdoor Harsh,19736,6.1,102.88,76.3,Preventive,203,5,10.44,35.8,10,10
GENMAR721DQEYT,2.7,172,Marine,115009,11.85,89.19,66.2,Preventive,,23,11.1,9.33,10,9
TRBOH4PX09NGR,15.0,77,Outdoor Harsh,75370,3.83,110.52,91,Condition Based,,11,27.31,131.09,9.21,6.3
CMPMARYRU6K2OI,11.5,76,Marine,56716,8.58,92.23,78.2,Preventive,40,10,32.41,45.79,10,10
VLVMARLVZK847E,33.3,59,Marine,19437,2.14,82.95,79.5,Preventive,88,9,,2.74,9.02,3
GENICBF9USLMC,43.6,96,Indoor Clean,66223,4.31,81.82,65.5,Reactive,211,16,10.85,26.95,3.27,8.1
GENOHEDP19LB4,31.5,45,Outdoor Harsh,18121,4.8,100.46,56.8,Predictive,55,4,27.51,22.21,10,9.6
MOTOHO792AQHY,45.9,24,Outdoor Harsh,7796,3.27,89.67,92.2,Condition Based,,3,47.66,23.72,8.81,4.9
CNVMARL3YO167I,52.0,10,Marine,11428,11.06,61,62.7,Preventive,300,0,,7.27,9.25,2.8
TRBID0GC2PFKT,90.1,19,Indoor Dusty,24619,2.68,90.58,48.2,Preventive,7,1,59.28,87.43,5.35,8.9
CNVOHSDBB2O5L,64.7,21,Outdoor Harsh,14186,7.96,54.62,101.9,Preventive,9,1,,12.48,9.06,5.3
VLVIC7K81BQSZ,280.4,41,Indoor Clean,4785,0.68,61.76,82.2,Predictive,28,4,,2.42,1.12,5.3
CMPMARXY7QEXZR,31.7,20,Marine,8862,6.63,96.48,66.8,Predictive,244,2,10.7,34.48,9.76,8.6
TRBOHZJP2E8N8,32.8,104,Outdoor Harsh,49921,3.85,103.8,87.4,Condition Based,8,2,14.93,130.84,9.93,10
PMPICMTJVHFAN,198.6,49,Indoor Clean,19206,2.54,58.93,89.8,Preventive,141,1,10.19,16.11,1.01,5.7
PMPIC0IESI3W3,63.3,9,Indoor Clean,7342,3.06,76.24,120,Reactive,270,2,10.19,18,4.58,7.1
CMPIDE9IW5XWM,169.0,21,Indoor Dusty,12069,4.01,75.31,60.6,Preventive,7,1,52.27,27.73,4.08,7.3
TRBMAR43T0CHMM,11.4,76,Marine,42073,3.25,112.83,80.4,Reactive,73,16,17.81,139.57,10,8.9
CNVIDBJ14AY2F,1.0,162,Indoor Dusty,126732,9.44,49.33,62.6,Condition Based,48,9,,7.74,5.16,6.6
VLVOHM5KTSNSV,22.8,1,Outdoor Harsh,376,1.52,75.19,66.2,Preventive,,0,,2.64,8.88,2.8
CNVIC3870V80N,187.0,6,Indoor Clean,3573,3.85,40.72,120,Preventive,178,0,,15.54,4.72,2.8
CNVIDQ9Q7RZN7,238.7,21,Indoor Dusty,18903,4.37,52.04,78.8,Preventive,69,1,,11.17,3.65,3.4
GENOMAJWVDVXU,91.5,57,Outdoor Mild,24371,3.32,99.66,72.2,Preventive,79,2,29.88,35.51,6.9,10
PMPOM4YGGKRMD,13.7,96,Outdoor Mild,84278,5.55,69.52,83.3,Reactive,168,13,10.08,15.19,6.67,6.5
VLVIDF8Z5KVHT,119.6,14,Indoor Dusty,3463,0.89,73.45,56.5,Predictive,33,0,,1.75,5.12,1
TRBOMDHQV8I3B,55.8,63,Outdoor Mild,48271,2.4,95.37,68.5,Preventive,12,4,38.86,,6.57,10
MOTICNBODHKQF,164.3,29,Indoor Clean,6337,1.48,78.32,109.4,Predictive,7,0,54.36,25.47,4.68,4.1
MOTIC3D3PWY4P,80.7,47,Indoor Clean,23726,1.74,76.95,109.3,Reactive,276,6,11.01,27.55,4.51,4.8
CNVOMWYXN4Z66,51.7,101,Outdoor Mild,103678,7.24,68.31,64.1,Condition Based,61,2,,9.3,6.75,2.6
CNVOMRPDVO7WY,202.5,14,Outdoor Mild,5181,2.34,55.37,58,Condition Based,,1,,5.91,5.13,3.7
TRBMAR1168CZH4,28.1,23,Marine,21277,4.8,122.79,84.4,Preventive,7,2,58.58,108.48,10,8.4
GENICS2CWLEGJ,288.4,42,Indoor Clean,11759,2.1,69.44,66.7,Reactive,101,4,28.72,,1.4,10
VLVIC0V5VXV59,18.4,13,Indoor Clean,9951,1.27,55.56,113.1,Reactive,44,1,,4.45,5.97,3.8
PMPMAR3Z89AHUI,26.8,35,Marine,22203,4.24,77.4,54.1,Preventive,138,8,23.28,10.28,9.64,6.2
PMPICU0876C48,227.3,3,Indoor Clean,1717,2.81,72.84,70.8,Preventive,90,0,,10.8,3.04,7
CNVID8RP81PN3,1.0,118,Indoor Dusty,87908,8.87,56.6,120,Predictive,68,4,,15.42,8.99,5.8
CNVIDF6GM1HI0,82.3,43,Indoor Dusty,62674,8.82,43.94,79.3,Reactive,235,4,,10.75,5.26,3.9
MOTICKVHZBL7A,50.5,84,Indoor Clean,73325,3.87,,62.6,Reactive,198,7,10.7,,4.06,5.3
PMPOMTIGGYO9A,64.4,66,Outdoor Mild,41125,3.55,83.01,68.7,Preventive,135,3,10.82,12.09,6.15,5.2
TRBID683TVQO9,5.7,222,Indoor Dusty,260497,6.2,105.04,47.3,Preventive,141,18,10.03,43.49,7.67,7.6
MOTOHSA8HR19U,35.7,31,Outdoor Harsh,9777,3.27,93.7,91.6,Condition Based,56,2,39.81,26.87,8.98,4.8
PMPIDV5JYG4Y2,137.6,13,Indoor Dusty,6771,2.9,73.21,101.9,Predictive,225,0,11.13,14.63,4.53,4.3
CMPOHKD5XW7OF,9.3,13,Outdoor Harsh,7071,5.08,107.69,117.2,Predictive,129,1,11.23,61.16,10,8.4
PMPICQI6HCS9K,323.8,14,Indoor Clean,10947,2.29,67.3,56.7,Preventive,14,1,63.14,,2.21,7.7
CNVICCF01I59M,340.5,20,Indoor Clean,16505,4.69,50.67,58.4,Preventive,9,2,,,1.6,4.6
CNVMARUCUCBSYB,56.3,47,Marine,13366,6.8,60.01,54,Condition Based,20,8,,7.89,9.62,3.3
CNVOH09AP5YXE,64.7,11,Outdoor Harsh,11931,9.07,64.73,44.4,Condition Based,89,0,,6.62,8.7,6.1
VLVIDP42T78I0,253.7,6,Indoor Dusty,1005,0.77,59.52,77.2,Condition Based,40,0,,2.47,4.74,4.4
CNVOHKCNH8WV5,47.7,53,Outdoor Harsh,50289,10.84,64.43,80.5,Preventive,72,3,,12.99,8.38,3.6
MOTID8ZIAZLX2,144.1,11,Indoor Dusty,6856,2.81,78.37,67.3,Preventive,46,1,41.97,19.49,5.96,4.4
VLVOHY8509NJG,20.5,34,Outdoor Harsh,22146,2.86,81.67,92.1,Predictive,33,5,,4.19,8.18,5.3
CNVMAR8DYH5R92,99.6,37,Marine,22958,7.21,44.79,67.6,Predictive,251,1,,9.27,9.45,5.7
VLVOMDRSOOW6A,158.4,45,Outdoor Mild,9555,0.82,74.77,90.4,Preventive,181,1,,2.62,4.48,4.1
MOTID38XJWBP8,181.7,26,Indoor Dusty,7296,1.86,78.29,62,Preventive,30,1,40.41,14.06,3.99,4.1
CMPOM6TGAMO3P,95.4,80,Outdoor Mild,27657,4.29,94.28,82.9,Preventive,38,5,37.06,40.22,6.11,8.6
MOTOHM86BOU5Y,86.7,4,Outdoor Harsh,2002,3.11,82.42,62.1,Condition Based,8,1,56.2,,7.94,4.6
TRBOHTFZJW5CV,28.5,81,Outdoor Harsh,48279,3.48,120.02,80.3,Predictive,282,4,10.97,141.71,10,10
TRBOHF9DWSKGL,12.1,91,Outdoor Harsh,75264,3.89,105.94,98.9,Preventive,16,13,19.33,158.68,10,7.3
CMPICJTUSSPWN,1.0,282,Indoor Clean,199399,11.39,90.59,68.2,Reactive,588,40,10.25,42.09,4.08,8.7
PMPMAR91NHA4OD,72.6,17,Marine,9071,4.7,78.42,87.2,Condition Based,110,1,39.11,15.22,9.52,8.2
MOTIDXIIB5A4Q,142.4,7,Indoor Dusty,2694,2.2,82.32,95.1,Condition Based,58,1,40.64,22.88,4.64,8.8
GENOH2U4HKLCD,38.0,141,Outdoor Harsh,80015,6.34,99.19,71.6,Condition Based,134,6,10.22,26.66,9.26,10
CMPOH7TASPG28,5.5,106,Outdoor Harsh,131044,13.07,109.24,79.1,Predictive,205,8,10.22,51.37,10,9.4
TRBICFO54QO6H,325.6,32,Indoor Clean,19154,1.75,95.12,70.8,Predictive,184,1,16.47,158.11,2.3,8.3
PMPOHQ7M3I54O,34.5,1,Outdoor Harsh,409,4.12,83.09,85.6,Reactive,30,0,43.74,16.27,8.11,6.1
MOTOHG9FUUESL,32.2,69,Outdoor Harsh,48616,4.35,92.94,73.1,Condition Based,30,3,20.16,19.88,9.19,5.3
PMPID23Q2MV86,47.1,71,Indoor Dusty,47584,4.73,73.37,120,Condition Based,8,0,34.38,23.1,8.56,5.9
MOTIDSZSZEIKV,94.8,33,Indoor Dusty,14369,2.52,77.24,111.8,Predictive,121,2,,31.58,6.42,5.4
CMPOM2K1XUB3X,23.1,98,Outdoor Mild,80875,7.52,92.64,71.4,Preventive,117,4,,40.98,7.69,7.7
MOTIDJYH6VTKL,71.7,6,Indoor Dusty,2643,1.67,84.4,48.6,Reactive,47,1,32.7,12.15,4.03,2.8
CMPCHEMMBHWPL00,36.3,29,Chemical,24383,8.36,99.45,79.9,Predictive,0,1,52.72,44.53,10,7.9
PMPMAR3Q1G5YDM,24.7,38,Marine,22112,5.18,70.42,83.6,Reactive,215,4,10.36,16.89,10,3.8
GENOMIMJ7F3CK,283.0,65,Outdoor Mild,22286,2.57,80.35,82,Predictive,341,2,10.61,,4.81,8.7
CMPOHU2DSCE01,3.5,23,Outdoor Harsh,15938,5.41,103.07,120,Reactive,372,5,10.51,58.9,10,8.3
PMPOHFCJ0OH78,27.7,65,Outdoor Harsh,37577,5.02,86.09,62.6,Predictive,39,7,12.22,,9.21,7.8
PMPOHJUTYZMCB,50.1,3,Outdoor Harsh,1754,3.51,91.69,59,Preventive,90,0,29.24,10.07,7.42,4.9
TRBOMRNRGMRMY,18.1,132,Outdoor Mild,146680,3.52,112.19,78.6,Preventive,207,7,10.34,119.63,7.59,8.2
PMPIDP84S8391,108.5,33,Indoor Dusty,19338,3.06,73.13,35.4,Preventive,2,2,50.41,5.53,4.23,3.6
CNVOMF9B5S5XM,197.7,28,Outdoor Mild,14762,3.68,46.05,49.9,Condition Based,10,2,,5.57,5.83,4.2
GENIDQPYSMGAP,176.4,112,Indoor Dusty,66957,5.56,79.87,70.6,Condition Based,62,1,10.71,29.9,4.91,10
VLVOMR9BL5V6E,33.5,73,Outdoor Mild,15497,0.93,97.46,37,Preventive,110,7,,1.18,5.65,3.7
PMPOMUBOP890F,77.3,21,Outdoor Mild,7119,2.47,73.82,91.5,Preventive,192,1,10.17,14.4,5.26,6
PMPOHA7P9XRIS,16.3,32,Outdoor Harsh,20050,4.97,70.62,119,Predictive,44,5,20.9,17.79,10,5.7
VLVICUZT5YA9B,251.2,24,Indoor Clean,7435,0.78,63.02,76,Condition Based,71,2,,2.62,2.19,2.9
TRBOHJNYZNWUK,74.9,36,Outdoor Harsh,16959,2.1,104.34,114.8,Predictive,5,2,48.13,221.76,10,9.3
MOTOMS1Y08H8E,141.7,67,Outdoor Mild,43799,2.67,83.8,75.2,Preventive,9,2,39.69,20.43,4.83,5.7
PMPOHL8P6POY5,17.4,2,Outdoor Harsh,1122,3.98,97.7,85.6,Reactive,28,2,60.21,13.88,8.72,3.6
PMPOMMNVIA0WH,30.1,25,Outdoor Mild,27036,4.09,78.95,88.5,Reactive,159,3,17.48,14.88,6.22,5.8
PMPOHJXRAFWOG,77.7,11,Outdoor Harsh,3594,3.03,76.74,67.5,Preventive,5,1,52.72,9.28,8.07,6.2
CNVID1ITGDXSY,246.3,27,Indoor Dusty,10367,4.22,53.33,68.4,Preventive,121,0,,8.08,4.43,4.6
CNVID2CHN47YD,325.1,17,Indoor Dusty,17077,5.09,45.73,78.8,Condition Based,24,0,,10.25,3.78,4.4
MOTIDT0Z32CVS,43.2,123,Indoor Dusty,86057,4.49,78.58,84.7,Preventive,89,8,10.35,21.41,5.18,7.2
MOTOHREWKNQOG,24.6,60,Outdoor Harsh,20166,2.8,86.1,94.8,Preventive,4,5,,22.15,9.11,6.5
CNVIDH9YA6G6W,179.0,25,Indoor Dusty,31211,7.63,49.39,83.8,Predictive,53,0,,8.8,5.38,4.7
CMPCHEMTKREMRFZ,13.4,63,Chemical,37535,8.59,113.1,74,Predictive,347,5,10.43,35.86,10,7.8
CMPOHV14MYZJS,11.5,33,Outdoor Harsh,17617,5.55,112.76,68.3,Preventive,129,5,17.28,33.13,10,8.3
PMPOMJ3QM9XWW,28.6,73,Outdoor Mild,42177,4.27,82.93,114.3,Condition Based,0,1,38.26,17.54,9.49,6.8
MOTIDWV7SK1KJ,290.1,3,Indoor Dusty,981,1.53,60.31,53.7,Condition Based,90,0,37.97,13.19,2.87,4.1
CMPMARHZ6EYQXZ,10.7,106,Marine,88956,11.57,94.63,70.5,Condition Based,54,9,16.24,46.36,9.78,7.5
GENOMKVY5PKQ1,4.0,131,Outdoor Mild,95957,6.34,92.73,100.4,Reactive,15,26,,33.16,8.75,8.4
PMPID24C6WYL2,184.3,23,Indoor Dusty,5404,2.6,54.79,83.6,Preventive,110,2,20.07,13.93,3.91,8.1
PMPIDNNDVYGCO,89.6,62,Indoor Dusty,42559,3.7,66.11,64.1,Preventive,33,6,13.33,11.17,4.52,5.7
MOTIC8AYYRPP3,280.4,1,Indoor Clean,381,1.36,,96.8,Predictive,30,0,76.55,25.52,3.08,4.8
PMPCHEMBCH08HZC,3.8,7,Chemical,9172,8.65,106.43,120,Preventive,43,0,39.03,25.14,10,3.1
TRBIDFOJ9HNG1,9.9,150,Indoor Dusty,45950,2.45,109.79,81.7,Reactive,169,19,10.53,143.42,7.33,7
CMPOH2TZ909WZ,12.3,113,Outdoor Harsh,65378,8.83,95.3,74,Condition Based,18,6,25.33,42.21,9.65,7.2
GENMARSFGB82DH,11.1,75,Marine,27452,6.55,74.8,61.8,Reactive,171,12,10.91,21.66,9.18,8.1
CMPOM6G30HLV5,75.8,33,Outdoor Mild,23251,4.41,98.88,105.8,Condition Based,26,2,57.9,46.31,8.01,6.8
MOTCHEMWK8YWZWA,15.9,4,Chemical,4128,5,99.66,79.9,Preventive,120,0,11.51,,10,4.4
MOTICUB931QP3,378.6,4,Indoor Clean,2344,1.85,69.12,77.1,Predictive,120,0,40.93,18.08,2.98,7.7
CNVOMS2818B9E,55.8,85,Outdoor Mild,79308,7.49,49.95,74.6,Preventive,22,4,,11.07,6.24,3.4
CMPIDF10T6EP7,107.1,20,Indoor Dusty,10640,4.24,91.46,42.3,Preventive,,0,61.21,19.34,5.1,8.3
PMPMARAUTZWHTM,37.2,1,Marine,840,6.24,,49.2,Condition Based,26,0,,9.23,9.27,2
PMPOH6XC24M4V,1.0,151,Outdoor Harsh,76574,7.67,95.08,56,Predictive,30,11,10.24,9.42,9.03,7.2
TRBICDDB32UWE,26.1,98,Indoor Clean,94612,2.79,97.06,109.9,Preventive,123,6,10.6,226.29,6.34,10
CNVMARZTHGNGUB,52.9,22,Marine,34783,16.88,62.8,82.7,Preventive,20,0,,12.19,8.39,3.9
CNVOHF7LJU54S,62.5,7,Outdoor Harsh,6032,9.21,65.91,104.4,Condition Based,76,0,,13.58,8.82,4.4
GENIDZDNGLRIJ,177.8,2,Indoor Dusty,856,2.8,71.91,54.9,Preventive,60,0,40.75,27.61,4.54,8.6
PMPCHEMJTVJKY4U,33.3,62,Chemical,26169,5.25,96.91,66,Condition Based,23,2,24.57,,10,7.8
TRBOM62YATE3S,32.7,68,Outdoor Mild,124057,3.51,112.43,58.2,Preventive,43,4,42.31,100.89,7.58,6.8
TRBOH09L89SM0,11.5,164,Outdoor Harsh,175645,6.12,110.2,37.9,Predictive,140,6,10.69,,9.85,6.8
VLVOH5PTXLJWZ,13.4,1,Outdoor Harsh,421,2.05,80.46,38.9,Preventive,30,1,,1.23,8.7,1
MOTID7DHGWYLN,1.0,260,Indoor Dusty,71450,6.39,82.2,86.3,Condition Based,14,14,10.06,31.04,6.29,4
MOTOMGL5D1P7O,293.2,2,Outdoor Mild,625,1.65,75.73,75.1,Condition Based,60,0,61.75,19.57,4.48,4.1
PMPID0RMKWKY7,67.7,15,Indoor Dusty,6733,3.1,64.36,118.7,Condition Based,167,0,10.71,19.87,6.6,5.9
MOTOHL3GBOXC2,24.0,21,Outdoor Harsh,8912,3.47,76.53,68.6,Reactive,189,6,10.21,20.26,8.02,7.6
MOTOMFFB5F8PB,94.7,16,Outdoor Mild,5607,2.34,83.52,59.5,Reactive,384,3,10.08,15.74,5.06,4.1
VLVICRGIXSJ5Q,88.4,46,Indoor Clean,5462,0.7,48.91,62.3,Reactive,340,8,,2.02,2.07,3.8
GENCHEMUGQL8WPU,26.5,27,Chemical,12764,5.63,120.33,69.9,Preventive,25,2,47.11,26.09,10,7.8
VLVICJTSBG9FP,1.0,110,Indoor Clean,22752,0.82,57.24,80,Predictive,37,3,,2.03,1.06,4
MOTCHEM6RM9XTEN,53.0,9,Chemical,2934,2.17,84.92,49.9,Preventive,48,0,35.8,13.28,8.85,6.9
VLVCHEMSZ06PL94,25.6,33,Chemical,8457,1.61,74.85,58.1,Preventive,20,6,,1.93,10,3.6
CNVIDMG91P478,282.9,4,Indoor Dusty,1897,3.46,,97.1,Preventive,39,0,,12.15,4.35,2.3
CMPOMJ06XMXSF,9.8,134,Outdoor Mild,117712,7.09,94.54,51,Preventive,7,9,24.33,27.42,6.85,5.5
MOTOM2C4RF332,190.5,18,Outdoor Mild,4923,1.31,84.76,80.9,Preventive,158,2,,19.89,3.42,5.2
PMPOM4SCXI8S7,243.2,1,Outdoor Mild,478,2.74,65.93,75.1,Preventive,30,0,54.54,11.88,5.23,7.6
CMPOMMP9HMSUB,18.8,2,Outdoor Mild,1638,4.48,,119.8,Reactive,60,0,72.86,55.41,8.8,8.1
TRBOMP4I232YC,44.7,76,Outdoor Mild,80602,3.29,111.84,80,Predictive,2,2,47.17,148.05,9.08,10
CNVOH4KU44V90,109.3,41,Outdoor Harsh,35407,5.74,62.97,88,Condition Based,53,4,,11.7,7.26,3.6
CMPIDHARUQNKF,12.6,126,Indoor Dusty,69154,6.57,98.98,60.8,Condition Based,92,8,,26.82,6.93,7.2
PMPIDGEKIAJW9,92.5,28,Indoor Dusty,14313,3.75,75.43,108.3,Preventive,6,1,50.63,22.68,7.1,3.2
TRBOHHJWFQV49,1.0,203,Outdoor Harsh,107557,4.64,121.68,58.6,Reactive,229,43,11.1,94.61,10,10
PMPCHEMSKRABKST,14.1,15,Chemical,9414,5.31,98.03,106.1,Preventive,26,1,51.39,17.93,10,4.5
TRBMAR5OVIVQZ2,1.0,506,Marine,301496,18.23,111.02,83.6,Condition Based,112,40,11.12,1,10,8.4
MOTICIH15JMF2,283.6,16,Indoor Clean,6155,1.96,81.91,69.1,Predictive,326,0,10.94,19.64,1.91,5.9
GENICV4DD032B,407.9,55,Indoor Clean,16156,2.29,87.76,65.5,Predictive,47,2,44.32,35.4,1.43,7.5
PMPMARLVIFRJGY,39.6,35,Marine,14695,5.32,61.69,103.5,Predictive,265,3,10.36,17.44,10,5.7
CMPOMG9O2T8TQ,180.2,21,Outdoor Mild,9310,4.09,82.55,73.3,Predictive,171,2,24.55,,5.41,6.6
PMPIDTRDS5TYY,48.9,44,Indoor Dusty,28357,3.66,84.86,49.7,Reactive,,3,10.12,7.6,4.34,4.6
CMPIC6YJJ4ENK,208.5,33,Indoor Clean,20216,3.58,91.24,70.7,Predictive,65,1,44.56,33.56,3.38,9.4
MOTOMX3PM93GP,162.5,6,Outdoor Mild,3117,2.19,81.44,50.9,Condition Based,61,1,57.55,13.22,5.19,5
GENIDJLVWKDQI,12.8,148,Indoor Dusty,27866,3.02,85.51,86.4,Reactive,40,19,10.8,40.95,5.87,9.8
TRBICECUBI5I5,228.0,117,Indoor Clean,114957,2.1,,48.8,Predictive,100,5,10.52,81.76,3.21,10
TRBOHS829GQ63,2.8,120,Outdoor Harsh,67287,4.02,116.81,120,Preventive,14,16,10.15,172.1,10,10
CMPCHEM8NJXFA2Z,1.0,104,Chemical,73651,9.85,113.77,69.3,Reactive,181,30,10.58,37.76,10,8.2
MOTICUMQ2WZCY,1.0,189,Indoor Clean,197972,4.83,63.02,45.6,Predictive,270,7,10.05,13.62,3.87,3.4
TRBICL5YC5L77,227.6,19,Indoor Clean,7794,1.09,81.5,81.9,Preventive,221,1,11.06,167.55,2.23,10
PMPID5091INHW,178.3,23,Indoor Dusty,9451,2.63,69.11,99.4,Predictive,2,1,44.7,13.66,5.03,5
PMPIDV0LYQ5GC,79.7,7,Indoor Dusty,6326,4.45,61.5,78.2,Preventive,145,0,10.31,14.21,5.83,6.9
PMPMARE2LX9ID4,17.3,7,Marine,6412,5.36,78.83,101.1,Preventive,90,1,46.3,17.22,10,8.5
PMPOM1QNG78WH,19.1,7,Outdoor Mild,2899,3.15,80.08,120,Reactive,210,0,10.77,18.87,8.2,6
GENICK9NV523E,1.0,231,Indoor Clean,182658,6.58,76.22,60,Predictive,347,7,10.37,19.73,3.75,10
PMPMARBFIS3QZT,12.0,30,Marine,14740,6.05,65.39,38.5,Reactive,465,10,10.61,6.4,9.42,3.4
MOTICP2QUPEWG,122.3,62,Indoor Clean,19021,1.79,67.98,110.8,Reactive,30,2,30.96,28.7,4.39,4.4
MOTMAR72P1E0N1,11.2,5,Marine,4521,5.83,80.76,120,Preventive,84,1,51.58,36.81,10,7.4
CMPOM8VL2QS9C,58.2,15,Outdoor Mild,9026,2.66,103.38,37.3,Predictive,274,1,10.64,18.62,5.75,7.9
VLVOMCP4U5A5N,217.8,43,Outdoor Mild,9749,0.87,61.07,64.4,Predictive,2,2,,1.89,4.35,3.8
PMPOHJG2FHW5A,11.5,54,Outdoor Harsh,41686,7.51,85.53,49.5,Preventive,52,6,31.39,9.04,9.3,2.9
PMPOH7G8RCZKE,55.3,32,Outdoor Harsh,17687,4.75,77.83,47.5,Condition Based,51,1,29.33,7.61,8.99,5
PMPIC8JXHSMFQ,127.8,21,Indoor Clean,11563,2.16,71.87,101.9,Preventive,93,0,48.69,15.04,3.67,5.3
CMPIDNJ3BKTY0,29.6,34,Indoor Dusty,57324,6.75,97.36,64.7,Predictive,25,2,37.45,37.73,7.06,6.4
MOTICNY6BSES3,240.8,9,Indoor Clean,7351,2.7,67.15,60.2,Preventive,118,0,40.5,15.18,2.71,5.9
TRBOM1FFXCTFS,16.8,128,Outdoor Mild,68003,3.22,113.57,86.9,Preventive,266,5,10.22,116.46,8.53,6.8
PMPICVP0QBJBO,206.7,11,Indoor Clean,7847,2.45,78.13,101.7,Reactive,77,2,55.95,,2.65,5
MOTIDBBBKDQMD,71.6,25,Indoor Dusty,22054,3.84,64.26,70.4,Reactive,82,6,24.75,,5.72,5.2
MOTOM1ERHMCYU,12.4,123,Outdoor Mild,50410,3.72,94.96,74.1,Reactive,847,20,11.13,23.52,6.83,5.1
CNVOHRPK8TPXM,31.6,74,Outdoor Harsh,47505,8.97,62.19,91,Preventive,19,8,,11.56,9.15,4.7
TRBOHUS9BIVZJ,7.7,32,Outdoor Harsh,45165,3.7,121.97,45.8,Preventive,96,2,21.49,80,10,10
PMPOHYOMZ32XX,21.8,3,Outdoor Harsh,2915,4.71,86.26,50.5,Predictive,53,0,44.31,9.56,8.77,6.9
PMPIDHWFLEX6Q,209.5,7,Indoor Dusty,2970,2.53,72.02,68.4,Preventive,17,0,61.95,,3.62,4.7
MOTID7FFWNS77,64.7,8,Indoor Dusty,3838,2.13,72.12,120,Condition Based,130,0,23.76,35.73,7.27,3.4
MOTOMHFS62FRD,64.0,12,Outdoor Mild,6245,1.6,79.39,38.8,Reactive,,0,37.86,9.44,4.67,3.9
VLVICMXF84QWL,259.5,2,Indoor Clean,387,0.76,60.64,82.9,Preventive,16,1,,2.1,1.96,4.7
CNVICIXJ02C7Q,95.2,1,Indoor Clean,1276,6.07,39.14,75.9,Reactive,30,0,,9.97,3.72,4.1
TRBOH3ZXC99BW,32.5,16,Outdoor Harsh,7843,2.2,125.79,101,Preventive,8,3,62.75,185.67,10,9.8
CMPMARROV3U89W,17.2,21,Marine,18582,7.54,106.51,63.9,Preventive,73,1,55.54,32.78,10,6.9
TRBOHMX6X1V5B,1.9,207,Outdoor Harsh,310149,12.12,116.96,120,Preventive,8,21,10.9,1,10,9.9
PMPICF8A7VE3U,269.1,54,Indoor Clean,14624,1.91,60.26,67.2,Predictive,80,2,31.42,9.9,1.99,7.6
GENMAR2RHDEYV1,34.0,70,Marine,27638,3.98,96.33,66.2,Preventive,124,5,17.25,33.03,10,7.6
GENMARMI0JEV40,88.6,16,Marine,9317,3.9,89.86,70.3,Predictive,,0,44.25,25.63,9.91,8.1
MOTICYO3LMC31,311.3,43,Indoor Clean,22320,2.4,74.34,86.7,Preventive,34,2,50.29,26.08,1.89,6.9
PMPICK0QHUJ2H,43.6,79,Indoor Clean,116031,6.52,71.57,105.6,Preventive,68,3,20.79,,5.42,6.3
TRBOM6GNHMFD0,20.1,146,Outdoor Mild,168213,3.9,109.51,61.5,Predictive,19,3,10.57,111.97,8.22,8.8
CMPMARRANQTGVD,12.7,31,Marine,14757,5.42,107.54,87.6,Preventive,202,6,11.09,43.28,10,10
TRBOHE061Y98B,25.1,20,Outdoor Harsh,13093,2.25,113.77,69.5,Preventive,195,2,11.04,151.43,10,9.8
VLVOMJWFFB28U,62.6,31,Outdoor Mild,17909,1.72,49.67,87.4,Preventive,420,0,,3.23,6.7,1
PMPIC75SUZV8M,93.0,61,Indoor Clean,32466,3.85,74.63,44.4,Preventive,55,2,36.57,8.4,3.78,5.8
PMPOMXHMDE6EY,80.5,46,Outdoor Mild,21577,3.79,84.47,88.1,Condition Based,59,0,59.04,15.01,6.9,4.8
CNVMARL0XJ5FPZ,53.0,12,Marine,12797,12.4,64.04,90,Condition Based,,0,,14.91,9,7.7
CNVCHEMLBKQHZNH,66.7,15,Chemical,16784,13.75,47.85,56.8,Condition Based,67,0,,9.75,9.84,5.8
GENOHF5Y17E7V,1.0,228,Outdoor Harsh,167338,14.97,93.34,95.8,Preventive,0,34,10.7,1.14,9.93,10
TRBOHZO05L557,28.1,56,Outdoor Harsh,28497,3.42,100.07,74.7,Condition Based,43,5,28.49,116.9,9.75,8.7
TRBOHK0T1HPKL,11.0,95,Outdoor Harsh,113329,5.57,113.09,85.3,Preventive,197,8,11.07,88.15,9.34,9
MOTID75MQ8TPM,1.0,218,Indoor Dusty,114417,6.23,69.65,50.2,Preventive,72,18,10.11,14.42,5.46,5
CMPOH8SPNKXQK,26.4,27,Outdoor Harsh,21181,4.23,114.24,51.4,Preventive,130,1,12.6,21.96,8.39,8.5
CNVICDE4ASM7C,168.5,29,Indoor Clean,24661,4.94,47.3,80.6,Preventive,71,1,,,2.48,3.5
GENOMTEEVJCCD,133.8,18,Outdoor Mild,7643,2.5,70.7,61.2,Condition Based,152,0,14.57,27.06,5.82,8.7
PMPOHF667I8M0,26.7,40,Outdoor Harsh,29083,6.39,96.11,77.2,Preventive,22,3,,13.15,9.28,6.6
MOTID4LQP6N7O,1.0,252,Indoor Dusty,84829,6.01,85.16,63.7,Preventive,68,7,10.24,,4.83,5.1
VLVOMUXLKJO99,207.0,3,Outdoor Mild,776,0.8,63.06,67,Predictive,9,0,,2.03,5.33,4
PMPOHICKBOX2Z,56.0,24,Outdoor Harsh,11310,4.9,87.6,74.8,Predictive,111,1,37.5,,8.9,6.1
MOTCHEME97UAM35,51.7,21,Chemical,19581,5.71,,66.5,Predictive,9,0,61.8,18.6,10,4.9
MOTOMPAQKHNX2,134.3,45,Outdoor Mild,19763,2.41,89.28,68.1,Preventive,84,5,36.99,17.85,5.47,6.7
PMPICD97M6DG9,427.8,2,Indoor Clean,947,2.1,64.27,120,Predictive,60,0,58.3,17.38,4.16,4.5
VLVOHS6ILWJLB,40.6,34,Outdoor Harsh,7440,1.78,74.42,85.7,Preventive,100,5,,2.98,8.48,2.7
PMPOHRZ5LBRYE,78.4,20,Outdoor Harsh,5674,4.14,80.64,87.9,Condition Based,11,0,47.3,16.29,7.84,6.9
PMPCHEMBLUA0MK0,15.5,65,Chemical,42070,5.15,97.42,67.7,Predictive,33,8,19.64,9.84,10,6
MOTOMRT6ETGL6,100.6,18,Outdoor Mild,7954,2.04,80.18,63.8,Preventive,110,2,42.1,12.6,5.08,5.2
PMPOMQIQVPDXG,146.0,62,Outdoor Mild,25198,3.16,85.17,55.6,Preventive,28,4,61.12,8.8,4.67,5.7
CMPOMZI8AZS9U,5.1,132,Outdoor Mild,206659,12.32,92.34,71.3,Preventive,265,10,10.06,44.94,7.12,8.5
PMPID7SUTFJO8,80.0,64,Indoor Dusty,52823,4.96,59.15,46.5,Preventive,81,1,10.38,,5.35,5
MOTOMOYB2F0OR,107.8,59,Outdoor Mild,18912,1.92,78.1,57.2,Reactive,275,3,10.46,15.24,4.56,5.4
CNVICOJX0SA27,116.0,38,Indoor Clean,27035,4.18,41.59,120,Preventive,50,3,,15.19,5.17,1.7
MOTIDVJ41SS5E,316.6,1,Indoor Dusty,329,2.31,66.15,86.3,Predictive,30,1,47.4,18.49,3.46,3.1
CNVCHEM9UG7EGO8,100.4,32,Chemical,32992,13.03,61.82,80.6,Preventive,,2,,13.67,10,1.2
GENOM1W293NFF,38.2,45,Outdoor Mild,33074,4.11,77.22,120,Preventive,26,3,58.33,49.34,9.39,10
TRBMARXQJZBJ5V,32.1,1,Marine,861,3.81,98.01,56.3,Preventive,30,0,71.51,90.72,10,7.6
PMPIDPAZ9NWP8,39.5,2,Indoor Dusty,1659,5.37,88.55,89.6,Preventive,60,0,25.03,16.51,5.56,6.8
CMPCHEMA398WECO,8.3,61,Chemical,26475,7.44,106.58,71.3,Preventive,1,11,28.82,38.58,10,8.3
PMPOMKPF91VRJ,85.4,28,Outdoor Mild,10849,2.62,76.27,46,Preventive,124,0,28.49,8.32,6.04,5.1
CNVOMK4QA6PEW,89.7,19,Outdoor Mild,14493,6.25,60.82,96.1,Predictive,8,0,,14.53,7.03,4.4
PMPIC3AFW7F3S,1.0,228,Indoor Clean,119228,6.33,70.26,95.7,Predictive,440,9,10.32,18.78,4.54,10
PMPIDKTH9QEQD,116.2,14,Indoor Dusty,6632,2.25,72.86,71,Reactive,318,1,10.96,12.41,4.52,5.1
PMPOHKMVS6XRW,24.6,54,Outdoor Harsh,33314,4.99,85.71,93.3,Predictive,13,5,24.79,14.68,9.09,6.5
MOTOMU5IK7ULL,42.5,60,Outdoor Mild,50223,4.06,76.92,80,Preventive,4,7,45.18,22.95,7.48,5.7
CNVCHEMD02MP8ET,28.4,16,Chemical,9607,7.3,67.26,120,Preventive,190,2,,16.9,10,2.3
CNVICHOP979CF,279.6,1,Indoor Clean,359,2.81,58.3,46.1,Preventive,30,0,,5.57,2.07,2.7
MOTICWHZXP2JV,424.8,64,Indoor Clean,18847,1.99,68.99,70.9,Condition Based,108,1,21.4,18.37,2.51,3.8
PMPMARSPEHJLNR,25.8,15,Marine,10596,5.33,69.97,76.7,Preventive,,3,40.31,14.7,9.93,5.9
CNVOMYQNVCF4R,1.0,122,Outdoor Mild,68018,7.36,64.73,54.6,Reactive,48,13,,7.38,6.23,5.3
CNVICSHO8EZO0,500.0,23,Indoor Clean,16310,4.63,44.94,66.3,Condition Based,2,1,,6.98,1.36,5.6
CNVOMCYR9ZCNL,234.6,58,Outdoor Mild,41786,4.95,43.8,50.8,Predictive,,2,,6.71,4.85,3.8
CNVOHJV8IKNBZ,46.5,2,Outdoor Harsh,1371,6.74,56.91,113.1,Predictive,37,0,,16.44,10,2.9
CMPIDURDPRANA,54.9,111,Indoor Dusty,62121,3.96,91.51,65.8,Preventive,,5,10.42,32.94,4.82,7
PMPMAR068H0QSR,43.5,48,Marine,38085,6.95,75.74,52.8,Condition Based,16,4,,7.34,9.8,5.4
PMPOHASLR4VPQ,110.3,20,Outdoor Harsh,8151,4.11,77.14,77,Condition Based,38,2,45.2,13.66,8.37,6.3
PMPOMZTGQ9IG9,3.5,128,Outdoor Mild,64403,3.81,78.02,110.9,Reactive,147,10,10.33,17.06,9.39,3.7
TRBOHZWGLGE10,8.4,85,Outdoor Harsh,70508,4.76,,50.3,Preventive,,11,,64.23,10,10
PMPIDTZKFMK1Q,169.3,64,Indoor Dusty,37602,4.81,71.3,86.1,Condition Based,29,3,30.45,14.84,5.99,4.9
CNVOHL7SUR2RG,76.9,68,Outdoor Harsh,28253,7.41,66.13,55.4,Predictive,71,4,,7.88,7.6,4.9
CNVICABD8HN5B,330.2,48,Indoor Clean,54885,5.3,35.44,68,Predictive,34,2,,8.01,1.5,3.1
GENMARTX98E3JI,13.7,33,Marine,15201,5.94,89.93,106.3,Preventive,72,10,,35.45,10,9.4
MOTIDUQ298OTX,166.4,10,Indoor Dusty,3115,1.69,68.18,88,Reactive,41,4,57.66,18.83,3.58,5.3
PMPOHWKJ3MC5S,8.0,58,Outdoor Harsh,34694,4.75,75.17,88.3,Reactive,119,10,11.35,13.75,8.48,6.6
TRBOH74ASJUB0,4.1,140,Outdoor Harsh,72584,4.3,128.74,34.7,Preventive,101,18,10.63,,10,8.9
CNVMAR5G2WQSL7,1.0,160,Marine,119227,16.26,59.49,65.5,Reactive,225,46,,13.37,9.18,5.7
CMPICG72ICZN2,166.5,39,Indoor Clean,34479,2.82,88.91,76,Condition Based,1,1,44.95,39.69,2.18,8.6
PMPMARF28MEOFP,1.0,136,Marine,84217,9.93,86.61,55.9,Preventive,53,19,10.17,13.07,10,5.4
CNVOHQJ342YCV,21.7,4,Outdoor Harsh,5788,10.22,68.01,120,Predictive,120,0,,21.38,10,5.6
CMPOMNQN02NAU,1.0,219,Outdoor Mild,168870,12.15,92.11,120,Predictive,112,8,10.93,73.77,10,10
TRBOHKWU0PND8,29.2,37,Outdoor Harsh,22787,3.28,117.96,68.9,Preventive,80,6,14.02,123.2,10,10
PMPOMPQTGLV0A,82.9,2,Outdoor Mild,2144,5.04,,71.2,Reactive,60,1,56.66,11.43,6.47,5.9
PMPOHDV8DLZDI,10.0,50,Outdoor Harsh,29374,5.36,101.19,88.1,Preventive,154,11,10.1,15.14,8.75,6.7
PMPMARRNA7QXCR,54.6,5,Marine,2961,4.91,66.13,61.9,Preventive,80,0,50.87,11.29,9.06,5.7
CMPOM56S2OAW7,112.3,14,Outdoor Mild,9213,3.45,79.34,95.2,Preventive,106,1,,41.8,5.68,7.7
CNVOMDQM3Z2JB,129.6,46,Outdoor Mild,21848,3.46,52.75,74,Reactive,53,6,,9.66,6.12,1.8
VLVIDDNJF8E63,70.8,37,Indoor Dusty,16264,1.83,46.19,48.9,Preventive,35,5,,1.92,6.21,1.6
VLVOMA6WSEDMY,109.7,48,Outdoor Mild,8227,0.97,74.23,86.5,Predictive,33,4,,2.64,4.98,3.5
MOTICZF9X2ZDA,255.5,66,Indoor Clean,60101,3.53,63.17,59.5,Condition Based,29,3,46.78,17.79,2.82,6.6
CMPICSZSVRX1U,126.8,9,Indoor Clean,6667,3.91,89.66,118.3,Preventive,42,1,68.76,54.27,4.3,8.6
TRBOH2FO93MPM,2.8,228,Outdoor Harsh,174708,7.61,128.54,72.2,Predictive,28,21,11.14,45.97,10,8.6
PMPOH5P4V7P7U,6.7,81,Outdoor Harsh,62342,9.22,92.77,94.1,Preventive,208,10,10.9,17.34,8.91,6.1
CMPIDUH8QL552,42.6,8,Indoor Dusty,7136,5.38,95.86,72.1,Preventive,89,0,41.45,31.9,6,8.2
PMPIDUE3UEN98,153.0,8,Indoor Dusty,4159,3.12,65.99,55.5,Preventive,11,0,54.13,8.65,4.06,7.1
MOTICNHFH1MZC,1.0,383,Indoor Clean,224656,6.77,78.03,63.6,Preventive,19,27,10.24,22.05,2.91,3.4
CMPIDNL2GWYUN,1.0,193,Indoor Dusty,100508,5.18,95.19,69.5,Condition Based,37,12,10.02,39.94,6.08,9.4
MOTOHST9BRXXR,13.1,114,Outdoor Harsh,51737,5.58,91.38,50.1,Predictive,109,6,10.95,20.52,9.91,4.6
CMPCHEMOYJJDTVP,14.9,16,Chemical,11299,6.82,105.59,57.7,Condition Based,119,1,11.38,26.98,10,9.6
MOTID2NMCIWQ0,74.0,6,Indoor Dusty,2721,2.66,,110.7,Reactive,180,0,21.92,25.2,6.32,4.5
PMPOHBA22QVIV,27.1,4,Outdoor Harsh,3868,7.14,90.08,59.5,Condition Based,33,0,59.04,12.11,9.01,7.2
CMPOMK093S5FG,50.9,75,Outdoor Mild,58894,4.5,95.11,31.1,Preventive,0,5,43.11,12.51,5.96,7.8
GENOHB3IBVSI1,17.9,57,Outdoor Harsh,42255,6.69,73.49,44.6,Preventive,190,11,10.82,13.94,8.72,6.8
PMPIDSNUCX4KV,69.3,56,Indoor Dusty,41639,4.64,75.13,44,Condition Based,97,2,10.85,6.34,5.71,8.2
VLVMARIN46LFVD,30.7,43,Marine,16545,2.55,82.41,83.4,Condition Based,82,3,,2.82,10,2.7
CMPCHEMWBD2ERXF,1.0,87,Chemical,65164,11.2,115.58,49.3,Reactive,184,14,10.9,30.98,10,10
GENOH4TBGB40B,30.6,7,Outdoor Harsh,2734,3.45,101.33,79.4,Preventive,39,1,45.26,38.51,9.51,9.5
GENCHEMXQ7C6EP9,25.5,5,Chemical,2673,5.47,98.85,84.8,Predictive,8,1,78.53,36.93,10,10
VLVOMP9MTXA2M,83.7,4,Outdoor Mild,1598,1.22,58.13,95.9,Preventive,29,1,,2.99,7.19,4.7
CNVCHEM8LT3KMRB,57.7,34,Chemical,54923,12.52,58.15,74,Condition Based,2,3,,,10,4.5
VLVOMBOYDPPUT,151.4,21,Outdoor Mild,7226,1.05,69.61,81.1,Preventive,18,1,,2.6,4.67,2.2
CMPOHP6EJBEC7,16.5,3,Outdoor Harsh,2750,6.3,100.87,74,Preventive,90,1,34.54,35.07,8.67,6.5
TRBOM667NNMWO,1.0,327,Outdoor Mild,569106,12.37,112.1,59.1,Condition Based,3,7,10.1,1,7.63,7.4
CNVOMMKRTXQOI,155.7,13,Outdoor Mild,12552,5.25,34.86,60,Condition Based,76,1,,8.19,5.64,3.9
PMPOHV0VYN16A,9.4,2,Outdoor Harsh,2547,7.09,88.44,117.3,Preventive,13,0,65.96,23.04,10,3.6
PMPID7GWTEZ30,86.9,5,Indoor Dusty,5076,5.38,65.44,58.4,Predictive,88,0,39.86,10.16,5.24,6.2
CMPIDZXQJG5PY,25.8,10,Indoor Dusty,7600,4.97,108.59,99.6,Condition Based,93,0,27.21,53.87,7.94,7.6
VLVOHV60KEPVP,30.2,37,Outdoor Harsh,16202,2.19,84.82,43.7,Condition Based,141,2,,1.74,8.71,3.5
TRBOHOVX8NA96,13.5,70,Outdoor Harsh,68062,4.34,110.56,60.1,Preventive,78,8,24.53,80.54,10,9.7
CMPIC87NARKWS,184.7,7,Indoor Clean,8365,4.26,79.61,61.7,Preventive,24,1,68.67,28.24,1.73,8.4
CNVMARLK2ZGVQY,161.9,18,Marine,10217,7.78,50.06,73.3,Predictive,15,1,,9.74,9.54,4.8
GENOMCTN35VUX,35.2,43,Outdoor Mild,20877,3.83,87.03,78.5,Reactive,19,9,54.01,35.65,7.24,9.8
CMPIDN36XCQ4L,29.0,6,Indoor Dusty,6119,6.81,98.93,62.6,Preventive,180,0,10.42,32.32,5.35,9.8
PMPOHLESM2BXB,8.8,80,Outdoor Harsh,48963,7.05,98.6,63.1,Condition Based,219,4,10.14,12.39,10,8.4
CNVCHEMS7W2XNUS,1.0,238,Chemical,118292,22.41,61.43,52.8,Predictive,187,14,,,10,3.6
PMPMARP9I2MAOI,35.5,58,Marine,26846,6.87,56.03,49.2,Preventive,8,3,52.81,,9.73,3.9
PMPICMJVQ0DZ7,226.4,24,Indoor Clean,20972,2.64,66.86,94.2,Preventive,25,1,67.13,11.89,2.12,4.4
GENIC4GD397PK,331.3,69,Indoor Clean,25331,2.39,72.49,67.2,Condition Based,91,0,25.87,,1.89,7.6
MOTID3O3COTFI,42.7,116,Indoor Dusty,37929,3.91,91.1,70.8,Predictive,355,4,11,,6.09,3.9
MOTOH2K1R1498,11.5,44,Outdoor Harsh,23261,3.88,88.91,51.9,Reactive,30,16,32.85,14.83,9.82,7.2
TRBOHFM30QPWV,26.6,2,Outdoor Harsh,2265,4.23,111.84,88.6,Predictive,57,0,39.65,135.46,10,8.6
MOTIC6LOP4464,500.0,1,Indoor Clean,287,1.39,63.84,79.3,Preventive,30,0,78.04,21.62,0.75,3.2
MOTOHNHIJ2AVC,20.5,43,Outdoor Harsh,11922,2.42,94.01,93.3,Reactive,408,11,10.73,26.04,8.2,6.2
PMPOHIZCMOLK1,29.3,51,Outdoor Harsh,35982,5.78,70.74,58.7,Predictive,57,2,31.9,11.08,8.28,6.2
TRBID9547Q18Z,56.6,48,Indoor Dusty,44027,2.83,105.81,43.1,Condition Based,77,1,10.39,75.35,6.62,9.2
PMPICSN6J28SX,234.1,33,Indoor Clean,26678,3.79,59.65,61.7,Predictive,,1,10.08,10.31,3.91,5.5
MOTOMTQ078A3Y,59.0,29,Outdoor Mild,10997,1.99,80.21,120,Condition Based,90,0,39.15,28.48,7.8,4.2
PMPOH9J4I6BYB,41.9,13,Outdoor Harsh,7078,4.24,86.85,76.5,Condition Based,21,0,51.55,,9.07,6.1
CMPICQFH3G8RA,103.6,54,Indoor Clean,33555,3.12,87.07,88.4,Preventive,228,5,10.37,39.72,3.18,10
TRBOMPU0UH9GZ,62.9,90,Outdoor Mild,37554,1.98,108.04,78,Preventive,169,6,10.38,126.86,6.49,10
GENOMWWI9FVG7,43.8,45,Outdoor Mild,15436,3.6,83.39,120,Preventive,114,6,24.26,53.06,9.31,6.7
CMPOMHYOOBNLY,10.2,87,Outdoor Mild,60321,4.96,92.78,93.6,Reactive,23,17,31.68,,7.31,8.7
MOTICGRVTKDN4,500.0,60,Indoor Clean,32820,1.86,54.73,69.6,Condition Based,10,2,41.53,16.69,2.36,4.9
VLVIDQ4MKSXB1,272.9,17,Indoor Dusty,5890,0.93,54.36,76,Preventive,45,1,,2.4,4.44,3.8
MOTICOIJO9MNX,274.2,21,Indoor Clean,3958,1.5,66.32,62.1,Condition Based,30,5,,15.37,2.75,3.8
CNVOHLKQWQMWQ,29.5,13,Outdoor Harsh,19651,12.02,52.5,106.2,Preventive,19,5,,17.72,10,4.5
TRBOHIJ7LL7ZJ,19.1,91,Outdoor Harsh,100741,4.82,116.12,78.1,Predictive,2,6,31.35,102.91,9.72,10
VLVOHH8P2AWJX,43.8,7,Outdoor Harsh,3082,1.86,79.28,68.9,Preventive,33,3,,2.51,9.04,1.3
GENIDJMP8KIP9,131.1,88,Indoor Dusty,43673,3.7,75.16,61.1,Preventive,79,3,10.85,30.4,5.18,9.1
CMPOMCZC9RDCO,61.5,14,Outdoor Mild,11581,4.33,,59.6,Reactive,81,2,54.26,29.43,5.58,6.8
VLVOMDZY4EF2I,291.1,23,Outdoor Mild,4936,1.09,59.07,79.7,Condition Based,81,1,,2.61,4.73,2.4
CNVOH00K67C49,79.7,35,Outdoor Harsh,25174,9.31,51.05,71,Preventive,102,4,,8.75,8.59,6.9
CMPCHEM3WITPML5,2.3,61,Chemical,40266,7.42,106.54,51,Reactive,314,14,10.74,29.46,10,8.6
PMPCHEM3LEYODRG,13.8,20,Chemical,15761,6,90.87,120,Preventive,26,2,44.05,20.3,10,9.6
MOTIDMFY4MHHE,98.4,25,Indoor Dusty,11165,2.19,79.63,59.9,Reactive,95,3,16.66,,3.25,5.7
TRBOMSFQIB661,72.6,58,Outdoor Mild,42608,2.62,95.88,79.6,Preventive,0,3,57.72,163.58,7.19,9
GENOMD596EJO3,92.3,47,Outdoor Mild,20550,3.12,74.29,50.3,Preventive,314,2,11.03,23.53,6.39,10
CNVOHAK4LVR2E,111.7,58,Outdoor Harsh,30448,7.21,57.61,76.8,Predictive,122,3,,10.64,7.84,2
PMPOHL5SG00SU,46.7,2,Outdoor Harsh,948,2.97,82.06,55.1,Predictive,60,0,41.67,8.89,6.74,7
CNVOMI8030TIT,104.7,5,Outdoor Mild,5930,6.56,55.72,63.4,Preventive,150,0,,8.08,6.3,7.1
TRBOMAAZQWILN,80.8,7,Outdoor Mild,2858,1.31,113.77,79.4,Preventive,66,2,68.4,152.64,7.41,9.2
CMPIDEXFB7GNQ,29.0,105,Indoor Dusty,55527,5.32,83.78,52.5,Reactive,545,8,10.55,28.58,5.84,9.5
CNVIC08Q8U0TL,94.5,66,Indoor Clean,63004,5.89,51.52,66.2,Preventive,115,9,,7.21,2.96,4.3
PMPOH6PB053HY,5.6,88,Outdoor Harsh,54700,6.76,93.87,111.1,Preventive,37,10,23.39,18.79,10,5.2
MOTIDWSQGEC2K,291.8,17,Indoor Dusty,11784,2.66,75.39,88.6,Predictive,37,1,33.81,20.28,3.74,3.3
CNVOHEQAWLBQ1,99.4,2,Outdoor Harsh,1499,6.29,61.55,80.4,Condition Based,60,0,,9.88,9.37,5.7
VLVOHHNL3KNZF,57.3,13,Outdoor Harsh,1094,0.86,73.84,96.3,Reactive,247,2,,3.39,7.87,2.5
PMPIDE3YBOK8M,125.2,6,Indoor Dusty,7649,6.29,56.93,70.1,Predictive,0,0,67.38,13.86,4.74,7.4
MOTICWP3GM4BC,265.5,11,Indoor Clean,4792,1.53,68.13,85.4,Preventive,173,1,22.96,,0.89,7.8
GENIDF6TJJA2B,51.7,154,Indoor Dusty,46062,3.88,93.03,64.5,Predictive,151,4,10.15,35.29,6.08,9.4
PMPID182RA8FY,106.8,61,Indoor Dusty,31044,2.97,74.45,66.1,Preventive,33,2,23.75,12,4.02,5.8
CNVOH2XG20PKE,70.2,25,Outdoor Harsh,12721,6.74,70.67,79.8,Preventive,5,2,,11.43,8.63,3.4
TRBMAR1GOT4EU7,1.0,183,Marine,346206,14.46,117.6,80,Reactive,20,48,10.83,1,10,8.6
CMPOHGP5YT3P2,27.6,52,Outdoor Harsh,28445,4.2,98.56,37.5,Predictive,128,3,10.88,16.51,8.08,5.5
TRBOM3W5LCS8O,218.7,22,Outdoor Mild,18089,2.19,100.59,67.4,Preventive,130,1,48.05,123.74,5.66,9.7
CMPOMF53C20CZ,122.7,12,Outdoor Mild,3650,2.39,89.1,78.1,Condition Based,37,0,,39.15,4.93,8.7
CNVOMTK2VUZ2C,87.0,10,Outdoor Mild,8964,5.92,52.18,120,Preventive,128,1,,18.6,7.81,4.5
GENOHF9JTFQLA,42.7,4,Outdoor Harsh,1141,2.18,98.34,51.7,Reactive,42,1,37.76,25.13,7.49,6.1
CNVOHS92M77Y9,41.5,30,Outdoor Harsh,13701,6.91,63.07,120,Preventive,35,5,,18.26,10,1.1
CMPOMNYIA2QVJ,61.4,24,Outdoor Mild,11886,3.11,86.46,109.3,Predictive,5,3,66.18,52.94,7.85,6.5
VLVMARUUCKL51V,44.5,12,Marine,4430,1.98,55.17,114.5,Condition Based,23,0,,3.87,10,4.1
TRBOHSIQ4E1KF,24.0,4,Outdoor Harsh,4443,2.99,109.24,108.9,Preventive,120,3,43.83,185.93,10,6.3
PMPOM4W7UOHOC,58.5,33,Outdoor Mild,23348,3.89,76.71,87.9,Reactive,11,2,70.32,16,7.16,4.4
PMPOHWX7FNQ5S,24.3,9,Outdoor Harsh,6835,5.73,92.38,88.8,Condition Based,63,0,35.74,15.25,8.72,5
CNVIDUTP4BVR9,290.1,57,Indoor Dusty,26061,4.42,50.52,61.7,Preventive,15,3,,7.49,3.33,3.7
GENOHSY5THNI6,38.0,45,Outdoor Harsh,15988,3.81,92.15,66.6,Predictive,506,1,10.66,27.25,9.07,9.4
CMPOHDSX94WZR,5.4,41,Outdoor Harsh,61413,12.02,121.78,84.7,Predictive,222,6,10.9,59.17,9.53,8.3
CNVIC8E3RD5EC,292.9,7,Indoor Clean,4463,3.72,60.3,50.3,Preventive,19,1,,6.48,2.83,3.7
PMPOMAPW72G6K,86.3,45,Outdoor Mild,20963,3.38,72.49,65.7,Preventive,133,1,24.53,10.09,5.28,4.1
PMPOHDMB29HT3,82.1,16,Outdoor Harsh,8859,4.32,80.82,45.5,Predictive,19,2,57.25,7.78,8.86,8.4
GENOMQN08ZO5E,269.4,12,Outdoor Mild,6666,2.83,81.85,58,Preventive,4,0,,,4.86,9.8
PMPOHL9YA1QVZ,72.3,17,Outdoor Harsh,8181,3.71,89.48,57.7,Predictive,25,1,55.51,9.69,7.32,5.4
MOTID933YFEWL,74.8,85,Indoor Dusty,43354,3.55,66.26,91,Preventive,267,6,10.58,25.3,5.84,4.2
PMPOHAYBS4293,26.5,41,Outdoor Harsh,28642,6.26,,65.2,Predictive,1,2,50.02,11.94,9.92,6
PMPCHEM1VSDNWPE,13.3,6,Chemical,9432,9.09,89.79,82.6,Preventive,13,0,49.62,18.19,10,7.2
CNVID79EDY4OZ,188.6,31,Indoor Dusty,25517,5.77,44.76,85.2,Condition Based,51,3,,12.31,3.46,2.7
TRBOMTR8M1O3I,22.5,147,Outdoor Mild,73807,3.56,100.45,104.9,Preventive,11,8,10.61,135.23,8.82,9.5
MOTICAQKYKAOC,208.4,15,Indoor Clean,6804,1.78,59.39,120,Condition Based,18,2,75.32,27.22,5.07,5.9
PMPID0J3K5J0H,176.3,8,Indoor Dusty,4986,3.02,78.6,76.5,Preventive,6,0,49.55,10.33,4.16,4.8
CMPCHEM4W2AKMF2,9.5,47,Chemical,16555,6.41,104.83,99.6,Reactive,423,6,10.5,50.3,10,10
CNVIC2IZ9WLC2,152.1,51,Indoor Clean,30535,3.49,46.17,116.1,Predictive,92,0,,13.35,5.04,6.3
MOTOHNQTI9KEM,1.0,178,Outdoor Harsh,83684,5.99,98.59,64.3,Preventive,4,25,10.04,21.87,9.62,2.1
CNVMARTZBCRGRF,9.3,39,Marine,43151,13.11,60.28,49.2,Reactive,131,11,,7.74,9.15,3.1
MOTCHEMA2DQZ59M,13.3,111,Chemical,54185,6.13,96.71,93.9,Predictive,31,6,10.13,31.29,10,5.7
TRBOHFMLBTJK8,22.4,12,Outdoor Harsh,7562,2.78,105.74,60.8,Predictive,288,1,10.05,88.03,9.48,10
CNVICIPYZS1ET,199.5,65,Indoor Clean,51908,6.55,,36.3,Predictive,70,5,,4.23,4.09,3.8
MOTOHBX4Q7JAA,6.6,88,Outdoor Harsh,37393,4.15,88.41,37.3,Preventive,160,14,10.74,10.12,9.1,8.4
TRBOHZI3XO1UO,10.5,46,Outdoor Harsh,23825,2.92,127.09,120,Preventive,23,6,44.05,,10,9.7
TRBOM4OJ6FYZM,135.9,8,Outdoor Mild,3599,1.39,109.78,78.3,Preventive,26,0,67.4,186.37,7.05,9.7
MOTIDRM0LIGQN,101.7,36,Indoor Dusty,11259,2.18,81.59,77.5,Predictive,116,2,16.69,19.57,5.01,2.1
PMPIDXOSOTVZ2,116.6,14,Indoor Dusty,8100,3.06,,102.6,Preventive,17,1,57.34,13.87,5.86,6.7
TRBOMZ0Q91FSN,166.7,152,Outdoor Mild,94492,3.41,80.71,92.3,Predictive,284,8,10.37,168.93,6.04,8.9
VLVOMDAKRMAJJ,108.7,20,Outdoor Mild,7496,1.12,,63.5,Preventive,246,3,,2.01,4.77,4.1
GENOMEVSYK71T,59.9,26,Outdoor Mild,9042,2.39,103.02,119.2,Condition Based,140,0,10.59,61.65,8.5,7.4
CMPOMVRCBIVE0,16.0,83,Outdoor Mild,106052,7.64,97.95,96.5,Condition Based,,2,48.28,61.34,8.18,7.7
MOTICHEO8Q5LB,182.7,37,Indoor Clean,36122,3.3,67.66,53.8,Condition Based,19,1,58.93,,3.27,6.2
GENOHKO5I2WB7,182.0,42,Outdoor Harsh,10828,2.91,84.02,66,Preventive,23,2,38.45,28.42,7.03,10
CMPOMOKB2A9E8,64.3,11,Outdoor Mild,6085,3.49,102.08,120,Condition Based,20,0,62.66,63.22,8.19,6.8
MOTICRNFO90RF,1.0,421,Indoor Clean,249976,10.62,81.71,112.5,Preventive,3,30,11.05,,5.5,3.9
PMPOMKGGPDXFF,186.6,15,Outdoor Mild,5611,2.28,85.33,87.6,Predictive,22,0,77.06,14.85,5.09,7.1
CNVMARAN9F8LMF,52.8,33,Marine,31164,13.16,71.25,79.1,Condition Based,,4,,,9.5,3.7
PMPID7B6AV7ND,51.0,40,Indoor Dusty,14778,3,92.86,120,Predictive,106,2,,16.64,7.38,6.6
CMPICLCPFEIXK,163.5,5,Indoor Clean,4660,4.32,79.5,62.7,Condition Based,150,0,16.94,30.63,1.77,10
GENCHEM1CLE638D,10.2,5,Chemical,1532,4.26,103.91,78.5,Reactive,150,4,10.3,27.56,10,10
CMPOMUUBLVD9U,27.6,67,Outdoor Mild,70106,6.09,96.7,96.8,Preventive,27,4,51.26,,7.58,5.4
PMPMAR9O5GMV2O,31.3,33,Marine,14364,6.12,69.97,53.8,Preventive,183,3,10.48,8.74,9.05,6.1
PMPOMWT6AZM6U,204.5,7,Outdoor Mild,4837,3.43,70.78,66.8,Condition Based,80,0,50.16,11.68,4.48,7.6
PMPOHXYMMFHBF,8.3,92,Outdoor Harsh,60027,7.02,83.3,112.4,Predictive,108,8,10.88,20.02,10,6.1
CMPICMLBEJEVC,118.5,63,Indoor Clean,53662,4.6,83.95,66.6,Condition Based,50,3,21.93,,2.41,8.4
GENIC5U85653V,293.9,6,Indoor Clean,2161,1.76,84.62,60.3,Preventive,40,0,74.03,28.46,1.68,10
CNVCHEMPA5PPVSO,20.0,80,Chemical,87336,20.18,66.94,81.2,Predictive,,7,,15.59,10,4.2
MOTOHDXAV283B,21.0,20,Outdoor Harsh,11716,3.2,93.66,78.8,Preventive,287,6,10.27,21.98,9.82,5.3
GENOHDFYY47GO,45.8,14,Outdoor Harsh,7894,4.13,87.49,62.4,Preventive,61,1,,28.55,9.38,8.7
GENICGVM1NECU,500.0,23,Indoor Clean,8975,1.85,70.81,63.9,Preventive,105,0,42.45,35.68,0.49,7.7
GENOMZ6JMDUHZ,235.4,4,Outdoor Mild,1130,2.39,90.04,71.1,Preventive,,0,72.34,29.29,5.52,9.3
MOTIDWR4WT4J4,147.0,107,Indoor Dusty,88028,5.45,71.04,76.4,Condition Based,32,2,12.29,19.1,5.4,5.5
TRBCHEM6T1TNIUY,15.9,88,Chemical,54833,3.85,,75.6,Preventive,107,8,10.1,108.49,10,9.9
CNVOHZ0ZN6FFK,65.4,1,Outdoor Harsh,528,7.12,,120,Predictive,24,0,,13.81,10,2.9
PMPOHFCV554LE,1.0,135,Outdoor Harsh,61817,6.39,91,113.6,Preventive,75,17,10.34,20.96,10,7.4
PMPCHEMFPFKBLNV,18.6,92,Chemical,49521,8.78,78.4,90.4,Predictive,33,4,18.37,15.64,10,6.8
PMPOMUN8WWD7Y,23.1,46,Outdoor Mild,35650,3.99,72.86,90.2,Reactive,391,12,10.2,13.57,6.8,5.7
GENOHXZBNSUVQ,2.5,216,Outdoor Harsh,121569,8.5,87.07,53.2,Condition Based,55,16,11.08,15.39,8.78,8.8
CMPOMTNH8UI1B,57.3,8,Outdoor Mild,6112,4.68,97.47,55.7,Predictive,78,0,43.82,25.29,6.06,4.9
PMPMARIQPDUUKB,29.3,19,Marine,8897,6.52,89.81,64.9,Condition Based,35,2,58.71,11.62,9.16,6.4
PMPOHFX7NW8IL,40.1,22,Outdoor Harsh,14540,4.85,88.48,67.8,Predictive,257,3,10.94,10.2,8.54,8.7
MOTICKJ95UF6K,345.2,52,Indoor Clean,19856,1.49,70.64,56.1,Predictive,56,3,26.93,14.46,2.7,3.7
MOTIDAUQ1824Y,32.6,63,Indoor Dusty,40219,3.4,77.91,39.3,Reactive,55,8,15.23,10.13,5.38,6.3
CNVICTK2JE6ZQ,224.2,43,Indoor Clean,21048,3.79,48.81,46,Condition Based,83,2,,5.64,1.95,5.7
